{"series": {"t6": [334.4, 98.0, 53.4, 238.6, 388.0, 399.8, 425.0, 382.6, 475.8, 571.8, 702.0, 840.6], "t7": [468.2, 125.6, 82.0, 262.2, 534.8, 591.8, 564.4, 556.8, 408.4, 457.4, 637.6, 662.6], "t4": [250.25, 57.5, 37.75, 197.25, 255.5, 255.25, 290.0, 262.75, 286.0, 367.0, 501.0, 546.25], "t5": [363.6, 87.8, 78.4, 274.0, 413.4, 426.8, 424.2, 407.6, 488.8, 544.8, 676.0, 765.6], "t2": [282.75, 79.0, 55.25, 217.0, 317.75, 269.0, 296.0, 267.75, 274.0, 363.25, 462.0, 587.25], "t3": [250.5, 60.75, 43.75, 214.5, 277.5, 291.0, 286.5, 247.5, 286.75, 392.0, 487.75, 575.25], "t1": [366.5, 99.75, 93.5, 214.25, 397.0, 464.0, 408.5, 382.75, 412.25, 467.25, 593.75, 662.5], "workday": [1513.6, 384.8, 308.65, 1117.0, 1661.15, 1706.05, 1705.2, 1568.35, 1747.8, 2134.3, 2720.5, 627.37], "xaxis": [1, 3, 5, 7, 9, 11, 13, 15, 17, 19, 21, 23], "weekend": [802.5999999999999, 223.6, 135.4, 500.79999999999995, 922.8, 991.5999999999999, 989.4, 939.4, 884.2, 1029.1999999999998, 1339.6, 751.6]}}